Ward,Neighbourhood Number,Neighbourhood Name,Accommodation and Food Services,"Administration, Waste and Remediation","Agriculture, Forestry, Fishing and Hunting",Construction,Educational Services,"Finance, Insurance, Real Estate and Rental and Leasing",Health Care and Social Assistance,"Information, Arts, Entertainment and Recreation",Manufacturing,"Mining, Quarrying, and Oil and Gas Extraction","Professional, Scientific, Technical and Management",Public Administration,Transportation and Warehousing,Utilities,Wholesale and Retail Trade,Other,No Response
WARD 1,3140,CRESTWOOD,53,16,6,64,74,77,121,24,10,23,55,49,15,13,38,230,88
WARD 1,3330,PARKVIEW,65,24,14,123,113,97,191,67,23,24,216,62,39,18,115,124,103
WARD 2,3070,CALDER,68,21,6,177,38,25,115,17,46,29,29,34,85,5,108,127,196
WARD 4,2530,MCLEOD,46,27,4,102,53,28,82,13,17,24,46,41,41,22,87,144,65
WARD 9,5610,HADDOW,96,13,6,111,134,143,209,95,29,87,147,54,47,23,121,134,166
WARD 12,6530,MINCHAU,31,11,4,41,31,19,45,8,24,14,40,18,16,7,45,51,194
WARD 1,4750,ROSENTHAL,25,4,1,26,10,16,65,8,11,4,28,9,23,6,26,55,4
WARD 11,6670,SAKAW,146,46,20,180,94,94,159,27,101,63,70,51,110,31,197,250,124
WARD 6,1030,CENTRAL MCDOUGALL,169,41,10,119,60,53,125,55,47,37,50,37,56,22,92,158,451
WARD 11,6195,SOUTH EDMONTON COMMON,0,0,0,0,0,0,0,0,0,0,0,0,0,0,0,0,0
WARD 4,2630,RIVER VALLEY HERMITAGE,0,0,0,0,0,0,0,0,0,0,0,0,0,0,0,0,0
WARD 6,1220,ROSSDALE,17,11,3,30,31,22,46,16,9,11,52,31,4,5,37,26,74
WARD 7,2090,BERGMAN,27,14,2,52,15,16,44,3,14,22,22,17,27,8,38,51,203
WARD 1,4474,STARLING,5,0,1,8,15,4,14,0,1,3,13,3,5,0,4,79,33
WARD 2,4015,ANTHONY HENDAY MISTATIM,0,0,0,0,0,0,0,0,0,0,0,0,0,0,0,0,0
WARD 10,5010,ALLENDALE,14,1,0,37,57,8,69,23,18,9,30,25,13,4,37,92,326
WARD 10,5050,BLACKMUD CREEK RAVINE,0,0,0,0,0,0,0,0,0,0,0,0,0,0,0,0,0
WARD 8,6731,RIVER VALLEY WALTERDALE,0,0,0,0,0,0,0,0,0,0,0,0,0,0,0,0,0
WARD 2,4170,GARSIDE INDUSTRIAL,0,0,0,0,0,0,0,0,0,0,0,0,0,0,0,0,0
WARD 1,4740,WEBBER GREENS,44,10,1,54,28,27,68,7,11,16,41,18,25,8,51,61,159
WARD 4,2030,BANNERMAN,100,55,9,207,63,42,166,28,58,33,52,59,103,16,174,180,20
WARD 12,6662,WALKER,244,82,7,322,124,185,408,68,121,191,307,115,221,45,282,381,461
WARD 1,4530,SUNWAPTA INDUSTRIAL,0,0,0,0,0,0,0,0,0,0,0,0,0,0,0,0,0
WARD 12,6213,SUMMERSIDE,314,90,14,502,314,337,638,149,145,397,402,151,227,58,344,595,556
WARD 3,2260,EVANSDALE,128,35,13,182,68,56,163,21,40,52,47,60,135,102,138,241,146
WARD 1,4290,MAYFIELD,40,6,0,87,21,18,47,12,17,12,23,32,48,6,68,61,127
WARD 9,5401,RIVER VALLEY FORT EDMONTON,0,0,0,0,0,0,0,0,0,0,0,0,0,0,0,0,0
WARD 4,2521,MCCONACHIE AREA,108,13,5,181,80,84,186,8,21,90,65,102,85,16,81,198,200
WARD 1,4700,BRECKENRIDGE GREENS,62,20,3,94,80,72,121,70,31,47,52,11,57,18,114,76,32
WARD 10,5470,STEINHAUER,62,2,5,63,92,45,112,31,29,43,67,42,25,7,86,127,76
WARD 11,6090,CORONET ADDITION INDUSTRIAL,0,0,0,0,0,0,0,0,0,0,0,0,0,0,0,0,0
WARD 7,1190,RIVER VALLEY KINNAIRD,0,0,0,0,0,0,0,0,0,0,0,0,0,0,0,0,0
WARD 9,5130,CARTER CREST,38,8,0,30,54,47,95,20,9,26,122,31,18,7,48,46,13
WARD 4,2681,EDMONTON ENERGY AND TECHNOLOGY PARK,0,0,4,1,1,0,1,0,0,2,0,0,0,0,0,1,1
WARD 4,2145,CLAREVIEW TOWN CENTRE,95,29,7,144,48,43,143,23,30,31,61,43,40,20,62,111,170
WARD 5,4451,RIVER VALLEY OLESKIW,0,0,0,0,0,0,0,0,0,0,0,0,0,0,0,0,0
WARD 7,2290,GLENGARRY,43,6,4,70,34,18,59,12,16,13,36,16,25,4,53,98,292
WARD 11,6570,PARSONS INDUSTRIAL,0,0,0,0,0,0,0,0,0,0,0,0,0,0,0,0,0
WARD 5,4390,PATRICIA HEIGHTS,46,2,3,81,47,15,87,25,17,24,88,25,22,10,79,62,25
WARD 9,4014,ANTHONY HENDAY SOUTH,0,0,0,0,0,0,0,0,0,0,0,0,0,0,0,0,0
WARD 11,6160,DAVIES INDUSTRIAL EAST,0,0,0,0,0,0,0,0,0,0,0,0,0,0,0,0,0
WARD 11,6610,RITCHIE,114,14,16,190,176,75,225,99,48,71,224,94,76,28,124,250,148
WARD 3,3120,CHAMBERY,27,3,1,19,25,21,33,5,10,12,49,12,5,10,21,65,376
WARD 11,6260,GIRARD INDUSTRIAL,0,0,0,0,0,0,0,0,0,0,0,0,0,0,0,0,0
WARD 2,3290,MCARTHUR INDUSTRIAL,0,0,0,0,0,0,0,0,0,0,0,0,0,0,0,0,0
WARD 4,4019,ANTHONY HENDAY ENERGY PARK,0,0,0,0,0,0,0,0,0,0,0,0,0,0,0,0,0
WARD 11,6460,MEYOKUMIN,53,25,5,102,52,41,105,32,39,24,111,28,78,6,87,195,25
WARD 9,5468,GRAYDON HILL,1,2,0,7,4,9,7,1,3,3,1,4,6,0,1,5,0
WARD 10,5360,RIDEAU PARK,58,5,8,52,58,29,82,17,22,23,62,34,21,5,65,47,23
WARD 12,6150,DALY GROVE,69,19,8,155,54,54,119,30,42,54,45,53,104,18,114,109,270
WARD 11,6410,MAPLE RIDGE,16,23,2,50,8,10,23,6,31,17,22,7,42,5,47,111,161
WARD 10,5160,DUGGAN,217,17,9,187,155,76,218,48,43,60,156,82,76,17,142,198,180
WARD 2,3460,ALBANY,39,7,0,78,15,28,69,10,3,27,47,12,28,13,24,52,24
WARD 9,5620,HODGSON,72,26,3,57,71,111,144,20,18,60,151,52,16,11,78,56,189
WARD 11,6760,TWEDDLE PLACE,38,3,2,54,42,36,65,17,26,30,63,17,32,12,53,115,23
WARD 10,5110,CALGARY TRAIL NORTH,0,0,0,0,0,0,0,0,0,0,0,0,0,0,0,0,0
WARD 9,5465,HAYS RIDGE AREA,1,0,2,4,4,9,15,3,1,5,6,1,1,2,0,8,1
WARD 8,5480,STRATHCONA,185,34,30,231,396,159,429,180,81,120,475,208,79,33,198,327,384
WARD 11,6430,MCINTYRE INDUSTRIAL,0,0,0,0,0,0,0,0,0,0,0,0,0,0,0,0,0
WARD 7,1080,DELTON,68,9,4,118,25,26,67,28,41,22,25,27,50,17,64,51,149
WARD 7,1070,CROMDALE,70,20,7,90,38,18,94,13,8,27,40,24,31,8,56,148,29
WARD 2,3060,CAERNARVON,54,27,6,92,45,22,86,8,22,15,24,26,44,16,62,129,462
WARD 8,6620,RIVER VALLEY GOLD BAR,0,0,0,0,0,0,0,0,0,0,0,0,0,0,0,0,0
WARD 5,4560,THORNCLIFF,160,36,1,131,53,32,104,28,20,22,69,37,57,4,149,200,67
WARD 11,6340,KAMEYOSEK,87,25,3,96,41,26,83,13,39,35,51,22,32,4,106,76,23
WARD 2,1230,SPRUCE AVENUE,23,4,2,27,28,7,38,11,10,5,20,5,18,5,40,31,90
WARD 1,4018,ANTHONY HENDAY BIG LAKE,0,0,0,0,0,0,0,0,0,0,0,0,0,0,0,0,0
WARD 1,4500,SHERWOOD,29,1,5,60,14,10,47,4,8,7,14,9,23,3,49,90,15
WARD 4,2340,HOLLICK-KENYON,179,81,10,285,172,131,284,56,52,99,139,102,141,41,226,300,226
WARD 9,5340,RAMSAY HEIGHTS,95,26,5,113,164,101,234,55,33,32,239,55,54,25,113,117,116
WARD 8,5370,RIVER VALLEY MAYFAIR,0,0,0,0,0,0,0,0,0,0,0,0,0,0,0,0,0
WARD 7,2640,RIVER VALLEY HIGHLANDS,0,0,0,0,0,0,0,0,0,0,0,0,0,0,0,0,0
WARD 4,2280,FRASER,54,23,5,145,61,56,121,22,45,43,60,61,87,27,90,158,303
WARD 7,2020,BALWIN,88,33,1,159,29,27,69,7,52,36,33,36,87,20,62,249,104
WARD 10,5320,PLEASANTVIEW,121,11,12,112,103,52,156,36,29,31,121,54,53,17,91,294,117
WARD 1,4650,WINTERBURN INDUSTRIAL AREA EAST,0,0,0,0,0,0,0,0,0,0,0,0,0,0,0,0,0
WARD 2,3480,HUDSON,74,18,3,82,47,45,107,20,46,18,48,18,31,15,64,219,53
WARD 3,3080,CANOSSA,101,3,3,112,83,56,141,20,52,43,48,20,44,17,108,173,353
WARD 7,2360,INDUSTRIAL HEIGHTS,0,0,0,0,0,0,0,0,0,0,0,0,0,0,0,0,0
WARD 8,5151,STRATHCONA JUNCTION,0,0,0,0,0,0,0,0,0,0,0,0,0,0,0,0,0
WARD 10,5250,KEHEEWIN,44,7,2,51,53,30,81,18,14,14,72,30,28,9,53,79,61
WARD 1,4350,NORWESTER INDUSTRIAL,0,0,0,0,0,0,0,0,0,0,0,0,0,0,0,0,0
WARD 4,4021,ANTHONY HENDAY HORSE HILL,0,0,0,0,0,0,0,0,0,0,0,0,0,0,0,0,0
WARD 9,5505,AMBLESIDE,78,21,8,168,112,157,238,66,67,114,197,74,56,27,136,319,58
WARD 8,6710,STRATHEARN,27,2,4,38,60,32,55,15,13,12,51,32,18,14,27,62,343
WARD 2,3150,CUMBERLAND,154,38,11,222,150,160,289,33,99,64,141,104,118,43,215,349,130
WARD 8,5580,WINDSOR PARK,17,8,4,20,72,19,90,18,7,10,79,20,6,1,26,14,27
WARD 12,6390,LARKSPUR,169,25,10,249,150,121,264,43,121,132,174,132,197,45,315,290,61
WARD 12,6443,TAMARACK,107,16,2,126,47,59,132,21,78,76,63,18,118,18,103,159,359
WARD 12,6442,SILVER BERRY,111,29,5,157,61,88,195,33,72,77,112,37,174,32,138,394,200
WARD 9,5565,WHITEMUD CREEK RAVINE TWIN BROOKS,0,0,0,0,0,0,0,0,0,0,0,0,0,0,0,0,0
WARD 8,6061,CAPILANO,20,14,3,73,104,45,86,38,26,24,111,36,33,26,70,115,384
WARD 5,4551,GRANVILLE,55,9,2,63,38,45,124,16,26,42,32,14,26,17,43,74,6
WARD 9,5451,RICHFORD,23,3,0,25,26,16,46,2,6,22,29,6,9,4,22,30,49
WARD 3,3490,GOODRIDGE CORNERS,0,0,0,0,0,0,0,0,0,0,0,0,0,0,0,0,0
WARD 12,6330,JACKSON HEIGHTS,69,9,3,84,67,52,115,22,27,32,46,43,58,16,106,105,274
WARD 1,4600,WEST SHEFFIELD INDUSTRIAL,0,0,0,0,0,0,0,0,0,0,0,0,0,0,0,0,0
WARD 2,3010,ATHLONE,109,5,5,117,40,36,120,22,36,18,58,55,61,17,109,204,198
WARD 1,4670,WINTERBURN INDUSTRIAL AREA WEST,0,0,0,0,0,0,0,0,0,0,0,0,0,0,0,0,0
WARD 6,3381,RIVER VALLEY GLENORA,0,0,0,0,0,0,0,0,0,0,0,0,0,0,0,0,0
WARD 11,6780,WEIR INDUSTRIAL,0,0,0,0,0,0,0,0,0,0,0,0,0,0,0,0,0
WARD 2,3170,DOVERCOURT,58,4,7,165,55,32,127,11,28,32,59,52,81,14,87,106,18
WARD 11,6190,EDMONTON RESEARCH AND DEVELOPMENT PARK,0,0,0,0,0,0,0,0,0,0,0,0,0,0,0,0,0
WARD 8,6230,FOREST HEIGHTS,71,16,8,147,105,67,142,59,43,53,114,73,60,26,99,149,245
WARD 11,6640,ROPER INDUSTRIAL,0,0,0,0,0,0,0,0,0,0,0,0,0,0,0,0,0
WARD 12,6140,CRAWFORD PLAINS,133,13,10,220,91,72,190,44,90,82,142,53,143,24,220,191,72
WARD 7,1100,EASTWOOD,89,17,7,102,23,25,75,19,36,16,31,30,43,7,64,121,325
WARD 9,5466,CASHMAN,0,0,0,0,0,0,0,0,0,0,0,0,0,0,0,0,0
WARD 11,6280,GREENVIEW,54,9,6,93,69,39,86,19,45,34,43,48,50,17,90,86,250
WARD 4,2690,RURAL NORTH EAST SOUTH STURGEON,8,5,8,31,12,11,35,2,13,9,13,9,17,9,17,27,87
WARD 5,4220,JAMIESON PLACE,46,19,2,88,77,56,163,23,38,20,117,50,42,18,114,109,121
WARD 10,5550,WHITEMUD CREEK RAVINE NORTH,0,0,0,0,0,0,0,0,0,0,0,0,0,0,0,0,0
WARD 9,5100,BULYEA HEIGHTS,17,12,7,25,73,53,88,24,19,12,101,24,6,10,41,55,130
WARD 1,4510,STONE INDUSTRIAL,0,0,0,0,0,0,0,0,0,0,0,0,0,0,0,0,0
WARD 5,4080,CALLINGWOOD SOUTH,117,33,6,173,64,51,133,34,43,32,69,34,94,18,155,246,146
WARD 3,3180,DUNLUCE,144,32,4,215,96,80,162,32,47,43,100,65,115,28,212,236,458
WARD 1,4090,CANORA,66,21,5,98,28,21,75,15,30,25,27,13,62,7,97,124,99
WARD 2,4050,BONAVENTURE INDUSTRIAL,0,0,0,0,0,0,0,0,0,0,0,0,0,0,0,0,0
WARD 12,6370,KINISKI GARDENS,137,33,9,219,96,112,225,57,87,107,180,85,152,32,182,229,503
WARD 9,5300,OGILVIE RIDGE,6,7,2,14,27,21,57,5,5,2,63,16,2,2,21,31,51
WARD 4,2251,EBBERS,1,0,0,2,0,4,7,0,3,1,4,2,2,0,5,5,24
WARD 2,3410,SHERBROOKE,41,13,9,73,36,18,60,8,29,21,30,23,27,8,52,78,410
WARD 12,6444,LAUREL,124,21,3,118,38,69,176,8,69,77,60,32,130,12,125,119,570
WARD 1,4240,LA PERLE,128,61,8,189,96,69,240,47,66,42,109,59,93,28,198,179,86
WARD 3,2410,KILKENNY,94,20,5,163,72,43,162,34,28,30,100,47,83,15,149,191,318
WARD 1,4710,POTTER GREENS,38,5,4,41,48,63,92,17,12,26,71,24,33,12,61,116,30
WARD 7,1120,EDMONTON NORTHLANDS,0,0,0,0,0,0,0,0,0,0,0,0,0,0,0,0,0
WARD 1,4620,WESTVIEW VILLAGE,41,4,2,117,12,15,28,4,18,23,16,14,80,6,82,128,6
WARD 12,6665,ANTHONY HENDAY SOUTHEAST,0,0,0,0,0,0,0,0,0,0,0,0,0,0,0,0,0
WARD 4,2350,HOMESTEADER,93,19,10,173,60,34,129,12,29,36,60,56,91,14,136,171,75
WARD 12,6216,THE ORCHARDS AT ELLERSLIE,16,7,0,48,31,36,62,12,23,32,54,9,21,5,27,43,127
WARD 5,3382,RIVER VALLEY LAURIER,0,0,0,0,0,0,0,0,0,0,0,0,0,0,0,0,0
WARD 9,5405,RIVER VALLEY WINDERMERE,0,0,0,0,0,0,0,0,0,0,0,0,0,0,0,0,0
WARD 10,5070,BLUE QUILL ESTATES,29,7,6,41,28,30,68,15,9,12,100,13,17,2,30,55,55
WARD 3,2241,EAUX CLAIRES,137,14,4,104,66,74,150,20,50,44,78,67,57,19,136,147,242
WARD 11,6680,SATOO,63,21,7,150,57,42,116,35,51,62,46,31,38,11,119,187,214
WARD 2,3050,BROWN INDUSTRIAL,0,0,0,0,0,0,0,0,0,0,0,0,0,0,0,0,0
WARD 4,2611,CY BECKER,7,0,0,21,5,3,19,5,5,10,7,11,4,2,10,21,15
WARD 7,1130,ELMWOOD PARK,32,3,3,55,8,10,27,6,8,2,20,8,20,2,13,58,26
WARD 11,6420,MAPLE RIDGE INDUSTRIAL,0,0,0,1,2,0,0,0,0,0,0,1,0,0,0,0,0
WARD 11,6360,KING EDWARD PARK,109,20,12,223,134,41,193,58,40,40,142,80,56,19,99,196,321
WARD 8,6310,HOLYROOD,37,4,6,74,89,37,110,35,21,26,91,46,21,19,57,124,225
WARD 6,1200,RIVER VALLEY VICTORIA,0,0,0,0,0,0,0,0,0,0,0,0,0,0,0,0,0
WARD 9,5350,RHATIGAN RIDGE,38,3,6,50,84,57,149,28,24,21,302,26,15,23,97,206,196
WARD 2,1110,EDMONTON MUNICIPAL AIRPORT,0,0,0,0,0,0,0,0,0,0,0,0,0,0,0,0,0
WARD 2,3220,HAGMANN ESTATE INDUSTRIAL,0,0,0,0,0,0,0,0,0,0,0,0,0,0,0,0,0
WARD 10,5170,EMPIRE PARK,244,14,9,131,89,82,175,39,60,68,126,45,84,21,187,248,113
WARD 4,2670,RURAL NORTH EAST HORSE HILL,1,0,1,4,3,0,4,0,0,0,3,4,2,0,1,2,1
WARD 11,6560,PAPASCHASE INDUSTRIAL,0,0,0,0,0,0,0,0,0,0,0,0,0,0,0,0,0
WARD 7,2100,BEVERLY HEIGHTS,82,55,9,134,73,37,102,21,45,43,86,35,76,21,88,130,55
WARD 11,6690,SOUTHEAST INDUSTRIAL,0,0,0,0,0,0,0,0,0,0,0,0,0,0,0,0,0
WARD 9,5577,GLENRIDDING AREA,25,14,1,52,31,42,53,8,13,20,42,19,17,4,27,111,91
WARD 11,6470,MEYONOHK,39,38,3,87,57,25,92,6,35,42,63,16,48,21,83,108,52
WARD 3,3040,BEAUMARIS,87,12,3,117,75,71,115,22,23,28,60,33,60,23,104,146,290
WARD 9,5380,RIVER VALLEY TERWILLEGAR,0,0,0,0,0,0,0,0,0,0,0,0,0,0,0,0,0
WARD 8,6240,FULTON PLACE,29,10,5,69,52,29,58,27,8,12,50,50,16,12,43,123,96
WARD 10,5530,UNIVERSITY OF ALBERTA FARM,0,0,0,0,0,0,0,0,0,0,0,0,0,0,0,0,0
WARD 4,4022,ANTHONY HENDAY CLAREVIEW,0,0,0,0,0,0,0,0,0,0,0,0,0,0,0,0,0
WARD 7,2420,KILLARNEY,108,32,11,122,42,44,92,36,40,44,35,61,97,22,115,101,251
WARD 3,2461,CRYSTALLINA NERA EAST,0,0,0,0,0,0,0,0,0,0,0,0,0,0,0,0,0
WARD 5,4070,CALLINGWOOD NORTH,104,38,3,125,50,36,113,15,23,18,49,32,40,5,132,163,76
WARD 7,2560,NEWTON,50,33,6,132,35,23,70,16,22,21,57,27,66,10,82,100,236
WARD 2,1170,PRINCE RUPERT,9,0,2,16,16,9,29,8,3,5,11,1,5,3,19,40,369
WARD 10,5490,SWEET GRASS,40,10,0,42,72,38,73,32,39,22,84,25,28,14,77,55,258
WARD 2,3470,CARLTON,88,8,1,170,105,103,243,25,56,37,133,75,65,27,141,255,162
WARD 12,6030,BISSET,120,56,7,154,68,63,146,31,57,52,83,47,95,12,149,124,106
WARD 9,5190,FALCONER HEIGHTS,21,4,4,23,52,36,77,26,21,23,66,30,4,8,36,41,62
WARD 3,2050,BELLE RIVE,128,30,4,114,66,48,131,21,44,28,204,24,46,10,88,191,302
WARD 9,5457,CALLAGHAN,39,10,4,76,51,44,86,17,23,49,68,31,26,20,70,103,604
WARD 1,4590,WEST MEADOWLARK PARK,71,29,4,69,42,38,95,21,26,17,34,21,28,4,61,79,159
WARD 8,6380,LAMBTON INDUSTRIAL,0,0,0,0,0,0,0,0,0,0,0,0,0,0,0,0,0
WARD 2,1250,WESTWOOD,60,27,3,115,44,21,70,24,29,18,56,20,59,18,67,68,250
WARD 7,2550,MONTROSE,48,12,2,113,59,33,65,20,23,35,45,58,60,23,112,194,272
WARD 4,2120,CANON RIDGE,46,57,3,122,38,34,123,28,34,43,99,59,78,23,57,94,9
WARD 3,2440,KLARVATTEN,134,44,4,226,127,92,219,29,52,47,155,59,74,44,140,307,337
WARD 10,5560,WHITEMUD CREEK RAVINE SOUTH,0,0,0,0,0,0,0,0,0,0,0,0,0,0,0,0,0
WARD 11,6290,HAZELDEAN,110,23,11,127,107,49,117,41,44,50,123,65,33,17,110,89,278
WARD 10,5400,RIVER VALLEY WHITEMUD,0,0,0,0,0,0,0,0,0,0,0,0,0,0,0,0,0
WARD 9,5576,KESWICK AREA,13,3,2,37,29,33,37,4,10,19,46,7,10,8,15,29,2
WARD 4,2320,HAIRSINE,70,15,4,124,31,35,106,23,15,27,37,29,71,16,88,157,150
WARD 1,4060,BRITANNIA YOUNGSTOWN,95,17,4,90,42,24,90,16,34,19,39,18,88,10,94,74,595
WARD 5,4110,DECHENE,28,2,5,51,44,40,80,14,13,16,44,43,19,6,62,48,124
WARD 7,1160,PARKDALE,83,35,6,86,23,23,75,28,30,15,50,19,36,7,49,139,252
WARD 9,5575,WINDERMERE AREA,0,0,0,0,0,0,0,0,0,0,0,0,0,0,0,0,0
WARD 11,6400,LEE RIDGE,23,4,1,28,25,12,32,6,10,8,26,13,17,6,54,45,226
WARD 1,4485,LEWIS FARMS INDUSTRIAL,1,0,0,11,0,1,2,1,1,2,4,0,1,0,1,2,4
WARD 6,1090,DOWNTOWN,316,52,18,247,329,327,432,204,49,150,558,368,69,78,236,429,531
WARD 7,2580,NORTHMOUNT,59,5,2,76,48,21,56,6,24,12,28,19,45,10,55,108,173
WARD 1,4400,PLACE LARUE,0,0,0,0,0,0,0,0,0,0,0,0,0,0,0,0,0
WARD 11,6600,RICHFIELD,73,24,5,110,66,31,111,16,46,36,52,22,53,10,118,154,293
WARD 8,5290,MCKERNAN,45,21,13,76,129,32,142,54,19,10,131,55,18,15,49,91,420
WARD 6,1020,BOYLE STREET,163,22,14,207,65,71,180,52,37,57,82,86,82,39,127,250,249
WARD 7,2010,ABBOTTSFIELD,48,4,2,89,17,14,48,15,12,24,4,4,44,0,71,69,103
WARD 5,4140,ELMWOOD,144,37,3,191,75,40,144,13,37,17,18,35,20,9,149,332,25
WARD 1,4660,YOUNGSTOWN INDUSTRIAL,0,0,0,0,0,0,0,0,0,0,0,0,0,0,0,0,0
WARD 4,2110,BRINTNELL,108,19,8,194,90,80,217,18,52,111,110,60,117,24,128,286,551
WARD 1,4011,ANTHONY HENDAY,0,0,0,0,0,0,0,0,0,0,0,0,0,0,0,0,0
WARD 12,6770,WEINLOS,49,8,3,89,41,43,81,17,46,15,46,45,49,15,116,114,327
WARD 3,3030,BATURYN,38,6,1,87,55,38,90,11,17,33,35,44,63,14,71,137,843
WARD 7,1240,VIRGINIA PARK,8,1,2,13,16,6,17,11,5,4,19,13,5,3,9,33,4
WARD 5,4120,DONSDALE,51,3,0,45,30,56,97,19,21,24,65,24,13,6,57,62,8
WARD 5,4462,EDGEMONT,29,6,1,47,15,28,56,19,10,16,29,5,11,10,16,82,14
WARD 3,3280,LORELEI,130,33,3,171,85,65,148,23,64,31,71,94,92,61,141,117,153
WARD 1,4640,WILSON INDUSTRIAL,0,0,0,0,0,0,0,0,0,0,0,0,0,0,0,0,0
WARD 11,6700,STRATHCONA INDUSTRIAL PARK,0,0,0,0,0,0,0,0,0,0,0,0,0,0,0,0,0
WARD 11,6480,MICHAELS PARK,36,4,2,51,35,22,64,7,22,15,19,16,20,8,47,193,79
WARD 12,6214,ELLERSLIE INDUSTRIAL,0,0,0,0,0,0,0,0,0,0,0,0,0,0,0,0,0
WARD 1,4471,TRUMPETER AREA,13,6,3,51,41,35,73,6,9,32,62,17,25,7,33,56,9
WARD 5,4570,WEDGEWOOD HEIGHTS,23,2,1,26,28,57,80,20,10,13,57,19,6,4,41,77,13
WARD 2,3350,PRINCE CHARLES,26,6,0,54,17,8,32,8,9,4,29,17,14,5,34,42,18
WARD 2,3020,BARANOW,35,7,0,39,21,16,45,13,13,11,16,18,29,3,29,34,35
WARD 8,6491,MILL CREEK RAVINE NORTH,0,0,0,0,0,0,0,0,0,0,0,0,0,0,0,0,0
WARD 9,5230,HENDERSON ESTATES,47,3,3,45,68,73,131,35,13,24,102,27,16,4,79,48,66
WARD 3,2700,SCHONSEE,123,23,27,155,76,92,188,16,49,57,117,88,94,14,90,67,28
WARD 8,5040,BELGRAVIA,47,2,9,45,178,34,188,38,5,17,158,44,14,12,45,66,73
WARD 9,5467,CAVANAGH,0,0,0,0,0,0,0,0,0,0,0,0,0,0,0,0,0
WARD 2,3240,INGLEWOOD,153,18,5,189,128,55,174,42,53,43,116,65,115,11,175,238,956
WARD 11,6720,TAWA,38,24,0,66,20,36,108,7,27,18,30,26,26,4,70,81,73
WARD 7,2060,BELLEVUE,18,1,1,43,47,11,38,12,10,6,36,40,16,9,21,54,16
WARD 2,3450,WOODCROFT,45,8,6,61,36,25,56,17,21,5,41,35,13,5,52,65,178
WARD 9,5590,BLACKBURNE,21,7,5,58,41,38,71,10,18,43,50,22,17,6,58,50,99
WARD 11,6492,MILL CREEK RAVINE SOUTH,0,0,0,0,0,0,0,0,0,0,0,0,0,0,0,0,0
WARD 12,6440,MEADOWS AREA,0,0,0,0,0,0,0,0,0,0,0,0,0,0,0,0,0
WARD 5,4280,LYNNWOOD,151,9,3,108,79,44,144,26,61,31,61,43,49,26,118,106,36
WARD 6,3210,GROVENOR,32,5,3,72,72,48,96,42,15,23,66,53,25,9,91,86,110
WARD 7,2040,BEACON HEIGHTS,89,17,12,209,44,23,101,17,39,42,81,67,97,16,100,178,85
WARD 1,4630,WHITE INDUSTRIAL,0,0,0,0,0,0,0,0,0,0,0,0,0,0,0,0,0
WARD 8,6630,RIVER VALLEY RIVERSIDE,0,0,0,0,0,0,0,0,0,0,0,0,0,0,0,0,0
WARD 5,4467,RIVER VALLEY CAMERON,0,0,0,0,0,0,0,0,0,0,0,0,0,0,0,0,0
WARD 10,5310,PARKALLEN,59,6,8,41,142,34,105,56,13,36,102,64,28,13,50,34,95
WARD 1,4030,ARMSTRONG INDUSTRIAL,0,0,0,0,0,0,0,0,0,0,0,0,0,0,0,0,0
WARD 3,3190,ELSINORE,24,1,1,33,49,28,54,3,14,10,42,23,13,9,38,57,350
WARD 10,5210,GRANDVIEW HEIGHTS,15,3,1,18,56,31,82,26,9,8,65,32,3,5,11,35,17
WARD 12,6661,CHARLESWORTH,139,21,13,246,86,96,240,27,100,172,110,81,122,31,193,189,107
WARD 10,5120,CALGARY TRAIL SOUTH,0,0,0,0,0,0,0,0,0,0,0,0,0,0,0,0,0
WARD 1,4473,HAWKS RIDGE,7,0,1,21,12,9,18,2,7,3,11,8,5,1,7,78,5
WARD 9,5463,DESROCHERS AREA,0,0,0,0,0,0,0,0,0,0,0,0,0,0,0,0,0
WARD 5,4420,QUESNELL HEIGHTS,4,0,1,7,13,16,42,12,3,2,26,12,2,2,13,24,5
WARD 4,2590,OVERLANDERS,66,31,3,132,36,26,75,20,22,63,42,47,71,3,95,102,142
WARD 2,3360,RAMPART INDUSTRIAL,0,0,0,0,0,0,0,0,0,0,0,0,0,0,0,0,0
WARD 10,5540,WESTBROOK ESTATES,9,5,1,21,32,27,56,8,9,12,60,11,7,3,18,31,28
WARD 1,3380,RIVER VALLEY CAPITOL HILL,0,0,0,0,0,0,0,0,0,0,0,0,0,0,0,0,0
WARD 4,2541,MILLER,71,78,6,129,59,42,135,38,21,17,80,34,63,14,67,105,123
WARD 5,4160,GARIEPY,5,2,2,20,37,16,35,9,9,5,24,4,8,2,25,284,153
WARD 2,3340,PEMBINA,13,2,0,31,8,22,17,3,16,9,11,13,11,0,11,38,16
WARD 3,2450,LAGO LINDO,86,8,5,128,94,67,153,28,41,40,76,60,89,23,140,314,38
WARD 11,6450,MENISA,96,27,10,131,84,56,95,33,49,59,60,46,80,28,143,134,111
WARD 11,6200,EKOTA,58,12,5,89,43,30,88,16,39,36,38,43,45,13,70,102,48
WARD 1,4100,CARLETON SQUARE INDUSTRIAL,0,0,0,0,0,0,0,0,0,0,0,0,0,0,0,0,0
WARD 9,5477,MACTAGGART,57,11,6,86,60,64,180,24,30,27,105,34,19,9,63,89,71
WARD 1,4475,KINOKAMAU PLAINS AREA,0,0,0,6,1,0,6,0,0,1,1,0,0,0,0,15,3
WARD 11,6540,MORRIS INDUSTRIAL,0,0,0,0,0,0,0,0,0,0,0,0,0,0,0,0,0
WARD 9,5454,RUTHERFORD,230,89,29,418,304,351,579,91,124,200,590,194,128,58,319,594,288
WARD 6,3200,GLENORA,36,5,8,64,72,76,124,43,16,13,147,61,27,10,63,85,450
WARD 6,3310,NORTH GLENORA,47,6,6,63,85,26,95,30,19,6,54,34,16,8,60,134,161
WARD 11,6750,TIPASKAN,120,26,5,115,56,59,121,19,46,43,143,29,67,7,160,122,29
WARD 7,2230,DELWOOD,62,40,12,192,42,23,92,24,24,21,58,34,60,8,56,174,32
WARD 4,2070,BELMONT,84,33,9,201,63,63,150,15,47,66,64,114,84,25,142,183,404
WARD 11,6500,MILL WOODS GOLF COURSE,0,0,0,0,0,0,0,0,0,0,0,0,0,0,0,0,0
WARD 8,6550,OTTEWELL,93,31,16,197,182,90,202,54,64,66,172,108,63,39,150,245,289
WARD 4,2270,EVERGREEN,13,5,2,57,11,9,18,4,8,11,11,8,28,3,31,60,111
WARD 2,3260,LAUDERDALE,38,3,5,97,27,17,65,9,18,21,19,29,52,11,76,95,39
WARD 1,4470,RURAL WEST BIG LAKE,3,0,0,2,0,1,0,0,0,1,1,0,0,0,1,5,21
WARD 10,5460,SKYRATTLER,106,19,6,92,74,39,99,36,26,50,119,52,38,16,92,70,36
WARD 7,2660,RUNDLE HEIGHTS,29,23,2,150,32,30,62,15,36,44,56,26,75,12,73,88,231
WARD 1,4310,MEADOWLARK PARK,66,37,5,157,70,44,132,26,21,32,70,29,53,6,93,213,88
WARD 11,6110,CPR IRVINE,2,2,0,2,7,7,15,0,0,7,18,1,0,0,7,9,0
WARD 11,6650,ROSEDALE INDUSTRIAL,0,0,0,0,0,0,0,0,0,0,0,0,0,0,0,0,0
WARD 7,1270,YELLOWHEAD CORRIDOR EAST,0,0,0,0,0,0,0,0,0,0,0,0,0,0,0,0,0
WARD 5,3270,LAURIER HEIGHTS,24,4,5,74,96,77,141,48,19,26,189,53,17,11,72,104,76
WARD 1,4020,ALDERGROVE,200,31,12,188,92,100,173,36,44,52,62,28,111,19,174,609,140
WARD 8,6320,IDYLWYLDE,53,17,5,99,62,25,86,24,27,27,38,50,21,11,77,73,38
WARD 6,1150,OLIVER,446,99,30,419,531,379,778,265,116,121,719,479,180,98,433,598,801
WARD 10,5430,ROYAL GARDENS,58,9,4,80,91,48,109,35,35,30,102,37,29,8,95,127,182
WARD 1,4340,MORIN INDUSTRIAL,0,0,0,0,0,0,0,0,0,0,0,0,0,0,0,0,0
WARD 10,5260,LANSDOWNE,24,10,7,44,85,46,97,21,9,21,75,27,13,2,42,47,14
WARD 4,2430,KIRKNESS,86,57,3,147,44,39,137,15,27,39,75,26,113,14,109,184,559
WARD 12,6211,ELLERSLIE,187,40,3,183,94,107,237,33,114,108,154,83,97,40,169,248,77
WARD 4,2500,MATT BERRY,136,38,8,123,67,77,179,19,40,41,86,87,104,30,167,126,299
WARD 4,2720,YORK,120,9,4,214,72,54,140,31,51,49,54,92,86,22,148,197,188
WARD 1,4520,SUMMERLEA,90,20,2,45,32,35,94,3,26,22,40,17,50,19,93,149,32
WARD 6,3440,WESTMOUNT,158,18,16,201,227,126,322,142,43,57,266,151,81,27,148,278,378
WARD 1,4040,BELMEAD,119,52,3,118,49,51,152,11,34,20,87,31,62,20,158,223,376
WARD 6,1180,QUEEN MARY PARK,267,55,9,235,116,105,207,62,48,63,105,103,125,29,181,369,371
WARD 12,6790,WILD ROSE,168,29,11,155,89,110,250,46,98,88,160,77,207,24,241,204,"1,059"
WARD 9,5640,TERWILLEGAR TOWNE,92,10,7,156,176,119,257,58,50,77,228,113,36,35,165,223,438
WARD 9,5462,CHAPPELLE AREA,25,4,2,73,38,37,88,13,14,39,64,16,29,14,37,68,316
WARD 10,5030,BEARSPAW,49,5,8,63,80,48,121,34,18,32,106,41,22,7,71,93,44
WARD 9,5464,HERITAGE VALLEY TOWN CENTRE AREA,2,1,0,7,2,4,9,2,8,8,3,4,9,0,4,18,9
WARD 2,4330,MITCHELL INDUSTRIAL,0,0,0,0,0,0,0,0,0,0,0,0,0,0,0,0,0
WARD 8,6350,KENILWORTH,50,11,5,122,68,39,98,16,32,35,57,47,58,21,61,120,120
WARD 4,2311,GORMAN,0,0,0,0,0,0,0,0,0,0,0,0,0,0,0,0,0
WARD 12,6580,POLLARD MEADOWS,64,11,0,153,56,33,124,31,96,42,39,39,61,12,169,96,325
WARD 8,5330,QUEEN ALEXANDRA,187,32,12,135,195,61,246,106,48,67,205,87,37,10,149,145,228
WARD 9,4013,ANTHONY HENDAY TERWILLEGAR,0,0,0,0,0,0,0,0,0,0,0,0,0,0,0,0,0
WARD 8,6270,GOLD BAR,64,23,7,101,80,34,99,33,49,38,73,48,52,14,72,135,174
WARD 9,5452,MACEWAN,120,18,10,200,120,144,276,38,97,104,206,86,70,29,175,232,472
WARD 2,3090,CARLISLE,100,16,4,125,70,42,167,29,56,26,49,45,121,14,146,191,86
WARD 5,4440,RIVER VALLEY LESSARD NORTH,0,0,0,0,0,0,0,0,0,0,0,0,0,0,0,0,0
WARD 6,3300,MCQUEEN,17,6,3,50,44,23,39,17,6,8,37,16,14,3,24,45,177
WARD 1,4230,JASPER PARK,48,25,1,79,31,14,71,7,11,20,50,7,44,2,57,52,107
WARD 4,2390,KERNOHAN,73,41,7,151,64,41,87,12,20,29,75,33,76,14,64,159,120
WARD 1,4200,HIGH PARK,25,4,0,39,13,15,30,7,11,8,14,10,21,3,25,33,30
WARD 10,5270,LENDRUM PLACE,20,1,6,33,93,20,66,16,15,13,62,24,14,12,24,43,142
WARD 9,5456,HERITAGE VALLEY AREA,0,0,0,0,0,0,0,0,0,0,0,0,0,0,0,0,0
WARD 9,5090,BROOKSIDE,30,1,2,48,64,35,95,16,10,13,97,22,9,6,32,71,15
WARD 2,3430,WELLINGTON,57,7,4,107,39,26,86,13,37,7,46,35,63,16,93,100,270
WARD 11,6100,CORONET INDUSTRIAL,0,0,0,0,0,0,0,0,0,0,0,0,0,0,0,0,0
WARD 9,5453,BLACKMUD CREEK,62,19,3,63,90,76,176,19,31,47,219,42,38,17,87,159,120
WARD 2,3160,DOMINION INDUSTRIAL,0,0,0,0,0,0,0,0,0,0,0,0,0,0,0,0,0
WARD 9,5469,PAISLEY,7,2,2,26,11,17,24,4,6,13,9,4,8,4,12,35,0
WARD 9,5570,WINDERMERE,88,18,6,225,138,186,317,41,69,164,228,99,61,25,135,410,357
WARD 2,3390,ROSSLYN,62,29,2,231,35,30,101,16,49,25,27,36,84,16,123,107,44
WARD 9,5642,SOUTH TERWILLEGAR,164,32,17,290,232,230,402,112,90,157,280,122,95,46,217,357,466
WARD 2,4150,GAGNON ESTATE INDUSTRIAL,0,0,0,0,0,0,0,0,0,0,0,0,0,0,0,0,0
WARD 2,3111,GRIESBACH,64,9,20,98,108,80,142,34,33,42,110,98,45,22,95,181,87
WARD 7,2650,RIVER VALLEY RUNDLE,0,0,0,0,0,0,0,0,0,0,0,0,0,0,0,0,0
WARD 6,1140,MCCAULEY,94,14,4,90,27,11,82,30,20,14,42,28,39,3,68,89,245
WARD 4,2080,BELVEDERE,95,25,7,155,56,41,118,20,44,40,49,41,84,16,103,176,309
WARD 11,6250,GAINER INDUSTRIAL,12,7,1,22,16,17,32,12,3,10,11,5,11,3,7,27,23
WARD 1,4490,SHEFFIELD INDUSTRIAL,0,0,0,0,0,0,0,0,0,0,0,0,0,0,0,0,0
WARD 1,4180,GLENWOOD,211,48,13,187,46,41,146,37,55,31,62,20,115,11,182,138,276
WARD 5,4380,ORMSBY PLACE,101,41,8,160,107,132,212,45,42,43,182,36,73,18,178,278,245
WARD 1,4730,SUDER GREENS,104,17,11,149,73,72,212,28,53,56,80,47,66,22,170,215,68
WARD 9,5476,MAGRATH HEIGHTS,55,11,4,96,91,121,210,30,35,53,164,29,18,14,60,112,139
WARD 5,4012,ANTHONY HENDAY SOUTH WEST,0,0,0,0,0,0,0,0,0,0,0,0,0,0,0,0,0
WARD 1,4487,SECORD,72,22,4,111,62,59,149,22,33,55,74,27,26,15,82,388,183
WARD 10,5220,GREENFIELD,45,3,11,59,145,39,161,37,26,26,107,70,18,5,73,147,312
WARD 2,4210,HIGH PARK INDUSTRIAL,0,0,0,0,0,0,0,0,0,0,0,0,0,0,0,0,0
WARD 11,6510,MILL WOODS PARK,0,0,0,0,0,0,0,0,0,0,0,0,0,0,0,0,0
WARD 5,4461,THE HAMPTONS,344,142,14,537,263,337,632,116,116,174,490,135,179,51,392,563,440
WARD 3,3370,RAPPERSWILL,28,3,2,40,34,28,57,7,19,14,16,13,12,6,28,78,143
WARD 5,4720,GLASTONBURY,145,15,11,220,114,118,281,53,76,85,180,88,76,23,218,258,621
WARD 10,5180,ERMINESKIN,227,25,9,165,86,86,223,45,57,56,143,45,59,17,167,192,347
WARD 9,5080,BRANDER GARDENS,33,5,2,57,49,51,89,29,15,10,80,18,20,2,62,85,242
WARD 3,2463,CRYSTALLINA NERA WEST,6,3,2,27,7,9,20,3,5,8,12,6,3,0,4,18,12
WARD 4,2380,KENNEDALE INDUSTRIAL,0,0,0,0,0,0,0,0,0,0,0,0,0,0,0,0,0
WARD 8,6040,BONNIE DOON,128,23,14,162,172,61,198,64,36,64,186,99,59,12,117,159,145
WARD 3,2600,OZERNA,118,23,7,106,83,74,147,21,51,52,69,64,57,37,131,207,117
WARD 5,4463,RIVERVIEW AREA,8,1,1,30,11,13,11,9,6,7,15,0,1,2,11,29,26
WARD 11,6010,ARGYLL,4,14,0,10,21,6,22,7,3,10,18,8,4,6,14,32,83
WARD 8,6070,CLOVERDALE,6,0,1,23,39,27,45,15,14,16,56,18,12,9,10,39,70
WARD 5,4270,LYMBURN,189,40,16,261,181,84,325,77,93,105,133,102,118,22,326,306,193
WARD 1,4486,STEWART GREENS,6,0,0,4,2,3,5,5,3,1,10,0,2,0,6,2,0
WARD 1,4410,POUNDMAKER INDUSTRIAL,0,0,0,0,0,0,0,0,0,0,0,0,0,0,0,0,0
WARD 8,6180,EASTGATE BUSINESS PARK,0,0,0,0,0,0,0,0,0,0,0,0,0,0,0,0,0
WARD 4,2130,CASSELMAN,138,48,4,166,85,59,176,20,28,61,60,61,88,8,134,118,302
WARD 10,5060,BLUE QUILL,185,13,5,124,95,75,177,56,83,57,114,60,75,13,168,158,229
WARD 8,5520,UNIVERSITY OF ALBERTA,0,0,0,0,0,0,0,0,0,0,0,0,0,0,0,0,0
WARD 7,1010,ALBERTA AVENUE,284,32,8,305,123,56,257,79,106,70,94,99,144,30,234,282,195
WARD 7,2330,HIGHLANDS,40,11,11,118,140,45,138,49,29,27,150,46,42,9,80,103,115
WARD 9,5458,ALLARD,43,8,4,84,42,70,112,18,50,62,112,40,34,15,60,114,23
WARD 12,6660,RURAL SOUTH EAST,2,0,2,16,2,3,9,1,5,1,3,3,3,1,7,10,14
WARD 2,3320,OXFORD,116,12,6,117,92,82,174,62,61,31,72,73,72,29,129,115,359
WARD 10,5280,MALMO PLAINS,41,2,5,50,143,56,127,45,36,21,93,43,33,12,88,57,127
WARD 2,4320,MISTATIM INDUSTRIAL,0,0,0,0,0,0,0,0,0,0,0,0,0,0,0,0,0
WARD 2,3250,KENSINGTON,53,10,3,90,36,27,64,9,12,27,31,32,66,17,68,128,134
WARD 1,4190,HAWIN PARK ESTATE INDUSTRIAL,0,0,0,0,0,0,0,0,0,0,0,0,0,0,0,0,0
WARD 2,4023,ANTHONY HENDAY RAMPART,0,0,0,0,0,0,0,0,0,0,0,0,0,0,0,0,0
WARD 4,2160,CLOVER BAR AREA,0,0,0,0,0,0,0,0,0,0,0,0,0,0,0,0,0
WARD 6,1210,RIVERDALE,36,10,3,48,92,47,124,43,9,23,104,60,13,7,48,68,182
WARD 1,4580,WEST JASPER PLACE,60,12,2,96,29,16,82,13,25,15,26,11,40,9,87,222,202
WARD 11,6170,DAVIES INDUSTRIAL WEST,0,0,0,0,0,0,0,0,0,0,0,0,0,0,0,0,0
WARD 2,1280,YELLOWHEAD CORRIDOR WEST,0,0,0,0,0,0,0,0,0,0,0,0,0,0,0,0,0
WARD 12,6441,MAPLE,23,1,0,20,15,10,31,1,8,31,28,3,23,4,25,26,187
WARD 1,4300,MCNAMARA INDUSTRIAL,0,0,0,0,0,0,0,0,0,0,0,0,0,0,0,0,0
WARD 5,4430,RIO TERRACE,21,1,0,40,43,33,54,16,17,20,53,16,13,7,31,50,98
WARD 4,2710,SIFTON PARK,20,1,0,26,13,9,33,5,6,9,9,6,16,1,22,59,174
WARD 1,4130,EDMISTON INDUSTRIAL,0,0,0,0,0,0,0,0,0,0,0,0,0,0,0,0,0
WARD 11,6590,PYLYPOW INDUSTRIAL,0,0,0,0,0,0,0,0,0,0,0,0,0,0,0,0,0
WARD 5,4360,OLESKIW,31,5,3,47,66,56,158,25,24,11,119,29,17,12,49,101,71
WARD 1,4540,TERRA LOSA,47,5,4,56,31,47,67,16,17,18,45,24,31,11,92,84,148
WARD 1,4010,ALBERTA PARK INDUSTRIAL,0,0,0,0,0,0,0,0,0,0,0,0,0,0,0,0,0
WARD 9,5630,LEGER,38,4,3,39,52,57,97,22,17,21,80,15,15,13,60,56,208
WARD 10,5020,ASPEN GARDENS,33,6,11,47,69,39,89,24,14,26,92,35,9,5,55,70,85
WARD 5,4610,WESTRIDGE,10,4,0,35,46,43,80,17,9,3,106,13,6,8,31,74,39
WARD 5,4466,CAMERON HEIGHTS,21,4,3,57,43,46,85,10,15,23,69,29,16,8,41,57,304
WARD 3,4016,ANTHONY HENDAY CASTLEDOWNS,0,0,0,0,0,0,0,0,0,0,0,0,0,0,0,0,0
WARD 9,5511,TWIN BROOKS,118,18,16,152,204,199,356,59,87,103,315,139,78,38,178,250,236
WARD 7,2400,KILDARE,54,10,4,99,33,32,78,10,22,10,47,32,37,4,47,75,136
WARD 8,6730,TERRACE HEIGHTS,33,4,6,61,39,25,60,32,14,16,76,24,22,7,35,66,94
WARD 3,4017,ANTHONY HENDAY LAKE DISTRICT,0,0,0,0,0,0,0,0,0,0,0,0,0,0,0,0,0
WARD 2,3230,HUFF BREMNER ESTATE INDUSTRIAL,0,0,0,0,0,0,0,0,0,0,0,0,0,0,0,0,0
WARD 11,6520,MILL WOODS TOWN CENTRE,51,8,1,28,10,15,41,4,28,10,17,5,18,2,37,58,16
WARD 8,5200,GARNEAU,183,29,18,114,315,99,338,104,33,40,338,105,26,28,123,157,312
WARD 3,2511,MAYLIEWAN,95,33,6,75,54,70,120,16,51,40,69,54,48,21,93,159,465
WARD 11,6300,HILLVIEW,62,5,5,97,62,55,143,30,60,47,67,33,65,15,99,132,148
WARD 11,6020,AVONMORE,62,8,2,85,56,12,79,25,23,19,95,41,19,16,40,85,111
